epoch,start_time,end_time,epoch_time_s,learning_rate,train_loss,train_dice_class_1,train_dice_class_2,val_loss,val_foreground_dice_mean,val_dice_class_1,val_dice_class_2
0,2026_06_23_11_02_28,2026_06_23_11_02_28,174.19309973716736,0.0,0.958112895488739,0.0001319158764090389,0.0002876190119422972,,,,
1,2026_06_23_11_10_06,2026_06_23_11_10_08,457.7356011867523,0.0,0.8901482224464417,0.00017258376465179026,0.0002517328830435872,1.0090385675430298,2.9694805642188626e-12,8.338733349655403e-13,5.105088227153054e-12
2,2026_06_23_11_12_16,2026_06_23_11_12_16,129.67556023597717,0.0,0.794003427028656,0.00027671977295540273,7.635285146534443e-05,,,,
3,2026_06_23_11_19_48,2026_06_23_11_19_49,452.0551619529724,0.0,0.8134056329727173,0.00686482572928071,0.0,1.0002977848052979,0.07209083437919617,0.14418166875839233,1.062944621210704e-09
4,2026_06_23_11_21_58,2026_06_23_11_21_58,130.46690773963928,0.0,0.7482519149780273,0.08419676125049591,0.018132684752345085,,,,
5,2026_06_23_11_29_37,2026_06_23_11_29_37,458.3584864139557,0.0,0.8089984655380249,0.07784654945135117,0.0642971470952034,0.9902674555778503,0.015446465462446213,0.01852668635547161,0.012366245500743389
6,2026_06_23_11_31_47,2026_06_23_11_31_47,130.00246691703796,0.0,0.7066871523857117,0.13439339399337769,0.08606132864952087,,,,
7,2026_06_23_11_39_25,2026_06_23_11_39_26,457.91358613967896,0.0,0.7230064868927002,0.2264319658279419,0.14534512162208557,0.9071019291877747,0.10732131451368332,0.10765191167593002,0.10699070245027542
8,2026_06_23_11_41_36,2026_06_23_11_41_36,131.69065856933594,0.0,0.5771182775497437,0.30318841338157654,0.1749308705329895,,,,
9,2026_06_23_11_49_15,2026_06_23_11_49_16,458.5443172454834,0.0,0.610245406627655,0.35544130206108093,0.19200609624385834,0.5588552355766296,0.36617404222488403,0.5821757316589355,0.15017229318618774
10,2026_06_23_11_51_27,2026_06_23_11_51_27,132.47029638290405,2.0000000000000002e-07,0.547395646572113,0.3816107511520386,0.2027067244052887,,,,
11,2026_06_23_11_59_05,2026_06_23_11_59_05,457.9253067970276,2.017999999999996e-05,0.4855595827102661,0.35234108567237854,0.22376973927021027,0.6537936925888062,0.29909372329711914,0.4299798309803009,0.16820752620697021
12,2026_06_23_12_01_15,2026_06_23_12_01_15,129.76199293136597,4.0159999999999805e-05,0.5347326397895813,0.3919830918312073,0.18973419070243835,,,,
13,2026_06_23_12_08_52,2026_06_23_12_08_52,457.229688167572,6.013999999999984e-05,0.518663763999939,0.41557222604751587,0.2031572461128235,0.6386907696723938,0.3101429343223572,0.49667659401893616,0.1236092671751976
14,2026_06_23_12_11_01,2026_06_23_12_11_01,128.47466802597046,8.011999999999997e-05,0.5305123925209045,0.40220072865486145,0.20531122386455536,,,,
15,2026_06_23_12_18_40,2026_06_23_12_18_40,459.66163444519043,0.00010010000000000022,0.49664366245269775,0.3929230868816376,0.21449297666549683,0.6796208024024963,0.26610299944877625,0.3791925609111786,0.1530134379863739
16,2026_06_23_12_20_50,2026_06_23_12_20_50,129.77696871757507,0.00012008000000000059,0.522520899772644,0.37773850560188293,0.16101957857608795,,,,
17,2026_06_23_12_28_27,2026_06_23_12_28_27,456.9439628124237,0.00014006000000000088,0.45592471957206726,0.3739515542984009,0.15045884251594543,0.7995765805244446,0.17632609605789185,0.18870437145233154,0.16394777595996857
18,2026_06_23_12_30_36,2026_06_23_12_30_36,129.30539512634277,0.00016004000000000137,0.5247215032577515,0.41784214973449707,0.2125166356563568,,,,
19,2026_06_23_12_38_16,2026_06_23_12_38_16,459.62124156951904,0.00018002000000000244,0.5180595517158508,0.3997349441051483,0.20170606672763824,0.8060675859451294,0.1656513810157776,0.22267122566699982,0.10863152146339417
20,2026_06_23_12_40_26,2026_06_23_12_40_26,129.63295674324036,0.0002,0.47070765495300293,0.33817702531814575,0.16175277531147003,,,,
21,2026_06_23_12_48_05,2026_06_23_12_48_05,459.18649649620056,0.0001999847695156393,0.5035207867622375,0.37809962034225464,0.1822173148393631,0.7977949380874634,0.20168152451515198,0.2524995505809784,0.15086357295513153
22,2026_06_23_12_50_15,2026_06_23_12_50_15,130.55152201652527,0.00019993908270190983,0.45251643657684326,0.3616892099380493,0.20668251812458038,,,,
23,2026_06_23_12_57_54,2026_06_23_12_57_54,459.0079665184021,0.00019986295347545785,0.45581451058387756,0.4031639099121094,0.22243715822696686,0.5642772316932678,0.32013434171676636,0.5484347343444824,0.0918339341878891
24,2026_06_23_13_00_04,2026_06_23_13_00_04,129.99746108055115,0.00019975640502598296,0.4712739586830139,0.40975791215896606,0.2246786504983902,,,,
25,2026_06_23_13_07_43,2026_06_23_13_07_44,459.0793137550354,0.0001996194698091753,0.4581029713153839,0.4208349585533142,0.23985888063907623,0.644586443901062,0.3294374644756317,0.5018175840377808,0.15705731511116028
26,2026_06_23_13_09_53,2026_06_23_13_09_53,129.99271869659424,0.0001994521895368279,0.48383912444114685,0.4291227161884308,0.24970994889736176,,,,
27,2026_06_23_13_17_32,2026_06_23_13_17_32,458.9628882408142,0.00019925461516413258,0.4498302638530731,0.4050321578979492,0.2378888726234436,0.6799130439758301,0.2956097722053528,0.32165369391441345,0.2695658802986145
28,2026_06_23_13_19_42,2026_06_23_13_19_42,129.3428406715393,0.00019902680687415756,0.4528440833091736,0.427863210439682,0.24698224663734436,,,,
29,2026_06_23_13_27_26,2026_06_23_13_27_26,464.0644645690918,0.00019876883405951443,0.4293891489505768,0.44304540753364563,0.27492228150367737,0.7155482769012451,0.19606135785579681,0.38074517250061035,0.011377506889402866
30,2026_06_23_13_29_36,2026_06_23_13_29_36,130.39700436592102,0.00019848077530122124,0.43781107664108276,0.41090261936187744,0.282004714012146,,,,
31,2026_06_23_13_37_27,2026_06_23_13_37_28,471.2624809741974,0.00019816271834476696,0.4581436216831207,0.43209171295166016,0.25749388337135315,0.7460489869117737,0.2346373349428177,0.2069910615682602,0.26228368282318115
32,2026_06_23_13_39_44,2026_06_23_13_39_44,136.79994249343872,0.00019781476007338142,0.47606903314590454,0.43861067295074463,0.28399622440338135,,,,
33,2026_06_23_13_47_34,2026_06_23_13_47_34,469.41059136390686,0.0001974370064785242,0.4504251480102539,0.4808591604232788,0.300284206867218,0.6651828289031982,0.311708003282547,0.44105657935142517,0.18235939741134644
34,2026_06_23_13_49_55,2026_06_23_13_49_55,140.98151278495789,0.00019702957262760043,0.4579041004180908,0.46727025508880615,0.30951836705207825,,,,
35,2026_06_23_13_57_45,2026_06_23_13_57_45,469.9134314060211,0.0001965925826289076,0.4570043981075287,0.4872332215309143,0.31491804122924805,0.7384302616119385,0.24269390106201172,0.312258780002594,0.17312908172607422
36,2026_06_23_14_00_03,2026_06_23_14_00_03,138.8492305278778,0.00019612616959383285,0.4537959694862366,0.4544215798377991,0.30105915665626526,,,,
37,2026_06_23_14_07_48,2026_06_23_14_07_49,464.3987147808075,0.00019563047559630452,0.43423792719841003,0.469249427318573,0.28023624420166016,0.5440943241119385,0.41228407621383667,0.598073422908783,0.22649475932121277
38,2026_06_23_14_10_06,2026_06_23_14_10_06,138.19574546813965,0.00019510565162951646,0.39018508791923523,0.3991398513317108,0.2669508159160614,,,,
39,2026_06_23_14_17_50,2026_06_23_14_17_50,463.80985856056213,0.0001945518575599329,0.4076063632965088,0.43827688694000244,0.3095081150531769,0.6260483860969543,0.3404896855354309,0.492887407541275,0.18809185922145844
40,2026_06_23_14_20_03,2026_06_23_14_20_03,132.94626688957214,0.00019396926207859182,0.4316723644733429,0.46079838275909424,0.3073803186416626,,,,
41,2026_06_23_14_27_55,2026_06_23_14_27_55,471.7615382671356,0.0001933580426497213,0.42598021030426025,0.4684765040874481,0.3047500252723694,0.56392502784729,0.3829231262207031,0.4857124090194702,0.2801338732242584
42,2026_06_23_14_30_06,2026_06_23_14_30_06,131.70976161956787,0.0001927183854566796,0.466147243976593,0.4662001430988312,0.32606789469718933,,,,
43,2026_06_23_14_38_02,2026_06_23_14_38_02,475.4873025417328,0.00019205048534524507,0.42836838960647583,0.46674320101737976,0.3223155438899994,0.6340135931968689,0.33674365282058716,0.46653300523757935,0.20695431530475616
44,2026_06_23_14_40_22,2026_06_23_14_40_22,140.1572127342224,0.00019135454576426107,0.42425936460494995,0.4466831386089325,0.3056136667728424,,,,
45,2026_06_23_14_48_15,2026_06_23_14_48_15,473.40821981430054,0.0001906307787036656,0.42868128418922424,0.470566064119339,0.3447861075401306,0.5691604018211365,0.38784193992614746,0.5768151879310608,0.19886867702007294
46,2026_06_23_14_50_37,2026_06_23_14_50_37,141.35356640815735,0.00018987940462991725,0.42237144708633423,0.46429845690727234,0.3394801616668701,,,,
47,2026_06_23_14_58_28,2026_06_23_14_58_28,471.63699221611023,0.00018910065241883712,0.41528284549713135,0.4616032838821411,0.32281482219696045,0.6797961592674255,0.2971952557563782,0.3842742443084717,0.2101161628961563
48,2026_06_23_15_00_54,2026_06_23_15_00_54,145.5609142780304,0.00018829475928589282,0.41929444670677185,0.47342586517333984,0.32977455854415894,,,,
49,2026_06_23_15_08_35,2026_06_23_15_08_37,461.66956782341003,0.00018746197071393964,0.4150594174861908,0.46820491552352905,0.3290480375289917,0.567562997341156,0.39372044801712036,0.5519006252288818,0.23554033041000366
50,2026_06_23_15_10_47,2026_06_23_15_10_47,131.17768239974976,0.00018660254037844386,0.4121287167072296,0.4622723460197449,0.34315967559814453,,,,
51,2026_06_23_15_18_29,2026_06_23_15_18_29,462.71005058288574,0.00018571673007021112,0.40968456864356995,0.4622705578804016,0.31658104062080383,0.581935703754425,0.3653922379016876,0.499260276556015,0.23152415454387665
52,2026_06_23_15_20_41,2026_06_23_15_20_41,131.629390001297,0.0001848048096156425,0.3855038583278656,0.4777878224849701,0.3519497513771057,,,,
53,2026_06_23_15_28_30,2026_06_23_15_28_30,469.2715072631836,0.00018386705679454215,0.38954976201057434,0.4802342355251312,0.3233715295791626,0.5835778117179871,0.386025071144104,0.4846118986606598,0.2874382734298706
54,2026_06_23_15_30_45,2026_06_23_15_30_45,134.2491056919098,0.00018290375725550385,0.42308157682418823,0.47568368911743164,0.35682669281959534,,,,
55,2026_06_23_15_38_38,2026_06_23_15_38_39,473.35439586639404,0.0001819152044288991,0.41363346576690674,0.4841102063655853,0.35176995396614075,0.4892711043357849,0.43896016478538513,0.6391246318817139,0.23879563808441162
56,2026_06_23_15_41_00,2026_06_23_15_41_00,142.03773260116577,0.00018090169943749438,0.40521493554115295,0.4831238389015198,0.3726237714290619,,,,
57,2026_06_23_15_48_56,2026_06_23_15_48_56,475.6156716346741,0.00017986355100472895,0.4161640703678131,0.5107905268669128,0.34959399700164795,0.6251411437988281,0.3407720625400543,0.3639560341835022,0.3175881505012512
58,2026_06_23_15_51_19,2026_06_23_15_51_19,143.1375172138214,0.000178801075360672,0.3974357545375824,0.4807412326335907,0.35679131746292114,,,,
59,2026_06_23_15_59_10,2026_06_23_15_59_12,470.9502947330475,0.00017771459614569679,0.3870813250541687,0.48838597536087036,0.3606102168560028,0.4886385202407837,0.4488779604434967,0.617004930973053,0.2807510197162628
60,2026_06_23_16_01_30,2026_06_23_16_01_30,140.7328486442566,0.00017660444431189738,0.4011996388435364,0.47977107763290405,0.34623444080352783,,,,
61,2026_06_23_16_09_14,2026_06_23_16_09_14,463.4149212837219,0.000175470958022277,0.3964352309703827,0.4782930910587311,0.3521609604358673,0.5822046995162964,0.3993073105812073,0.4348321557044983,0.3637825846672058
62,2026_06_23_16_11_24,2026_06_23_16_11_24,130.2849042415619,0.00017431448254773952,0.4146367609500885,0.4726995825767517,0.35343635082244873,,,,
63,2026_06_23_16_19_08,2026_06_23_16_19_08,464.14503622055054,0.00017313537016191698,0.40277665853500366,0.4819537401199341,0.3656412363052368,0.6154650449752808,0.3614282011985779,0.44962796568870544,0.2732284367084503
64,2026_06_23_16_21_20,2026_06_23_16_21_20,132.0298318862915,0.00017193398003386527,0.3824059069156647,0.48269322514533997,0.36336517333984375,,,,
65,2026_06_23_16_29_19,2026_06_23_16_29_20,479.0243179798126,0.00017071067811865506,0.37527215480804443,0.46592092514038086,0.3587077260017395,0.528590202331543,0.3936380445957184,0.5511471629142761,0.23612910509109497
66,2026_06_23_16_31_34,2026_06_23_16_31_34,134.26860356330872,0.00016946583704590003,0.35854384303092957,0.4473893642425537,0.32872405648231506,,,,
67,2026_06_23_16_39_51,2026_06_23_16_39_51,497.33905696868896,0.00016819983600625032,0.39225414395332336,0.48697662353515625,0.3721688389778137,0.5311747789382935,0.3858577609062195,0.5250879526138306,0.24662770330905914
68,2026_06_23_16_42_16,2026_06_23_16_42_16,144.76844882965088,0.00016691306063588643,0.36987918615341187,0.46101126074790955,0.35218170285224915,,,,
69,2026_06_23_16_50_13,2026_06_23_16_50_13,477.17228603363037,0.00016560590289905162,0.40619906783103943,0.4853544533252716,0.37406495213508606,0.544019877910614,0.4235335886478424,0.4769594073295593,0.3701077997684479
70,2026_06_23_16_52_35,2026_06_23_16_52_35,141.93655395507812,0.00016427876096865505,0.39610275626182556,0.4982203245162964,0.3831082582473755,,,,
71,2026_06_23_17_00_24,2026_06_23_17_00_24,468.8843491077423,0.0001629320391049844,0.3802776336669922,0.4769282042980194,0.3559916317462921,0.5833913087844849,0.38746291399002075,0.5259866714477539,0.2489391416311264
72,2026_06_23_17_02_47,2026_06_23_17_02_47,143.8631808757782,0.00016156614753256635,0.38045820593833923,0.468025267124176,0.35914096236228943,,,,
73,2026_06_23_17_10_37,2026_06_23_17_10_38,469.0514771938324,0.0001601815023152052,0.3911024332046509,0.4790152609348297,0.37397870421409607,0.4376763105392456,0.4673229455947876,0.6540935039520264,0.28055229783058167
74,2026_06_23_17_12_54,2026_06_23_17_12_54,137.24152040481567,0.0001587785252292476,0.36552760004997253,0.45805624127388,0.3768142759799957,,,,
75,2026_06_23_17_20_45,2026_06_23_17_20_45,471.25751876831055,0.00015735764363510485,0.3985885977745056,0.5146554112434387,0.40077611804008484,0.542742133140564,0.3812457025051117,0.5368502140045166,0.22564110159873962
76,2026_06_23_17_22_59,2026_06_23_17_22_59,134.19405269622803,0.00015591929034707488,0.3677121102809906,0.45518675446510315,0.36064401268959045,,,,
77,2026_06_23_17_30_58,2026_06_23_17_30_58,478.8936860561371,0.00015446390350150273,0.38472506403923035,0.47579559683799744,0.376381516456604,0.5017878413200378,0.4380963444709778,0.5702396631240845,0.3059529960155487
78,2026_06_23_17_33_19,2026_06_23_17_33_19,140.46306538581848,0.00015299192642332038,0.3667299151420593,0.48633432388305664,0.37697556614875793,,,,
79,2026_06_23_17_41_20,2026_06_23_17_41_20,481.6846458911896,0.00015150380749100515,0.3637998104095459,0.48480966687202454,0.37199515104293823,0.6228571534156799,0.3565130829811096,0.4076276421546936,0.30539846420288086
80,2026_06_23_17_43_47,2026_06_23_17_43_47,147.22132897377014,0.00014999999999999974,0.35993635654449463,0.4738616943359375,0.3787327706813812,,,,
81,2026_06_23_17_51_49,2026_06_23_17_51_49,481.715229511261,0.00014848096202463358,0.37459760904312134,0.4738028347492218,0.3885667026042938,0.5116622447967529,0.3953787386417389,0.5849376320838928,0.20581987500190735
82,2026_06_23_17_54_15,2026_06_23_17_54_15,145.90339350700378,0.00014694715627858884,0.37844038009643555,0.4876082241535187,0.4054800271987915,,,,
83,2026_06_23_18_02_04,2026_06_23_18_02_06,468.66967010498047,0.00014539904997395422,0.3674430251121521,0.482038676738739,0.3954600393772125,0.4376233220100403,0.5072740912437439,0.6636180281639099,0.35093003511428833
84,2026_06_23_18_04_26,2026_06_23_18_04_26,142.36625146865845,0.00014383711467890725,0.3763681948184967,0.4791540503501892,0.40084853768348694,,,,
85,2026_06_23_18_12_13,2026_06_23_18_12_13,466.85627365112305,0.00014226182617406945,0.3770713806152344,0.4918833374977112,0.4176507294178009,0.5007282495498657,0.44112953543663025,0.5894178152084351,0.29284122586250305
86,2026_06_23_18_14_26,2026_06_23_18_14_26,133.38597774505615,0.00014067366430757972,0.3853222131729126,0.5116921067237854,0.41738855838775635,,,,
87,2026_06_23_18_22_17,2026_06_23_18_22_17,470.4763307571411,0.00013907311284892728,0.3815990090370178,0.49507609009742737,0.3993805944919586,0.4928073585033417,0.42214176058769226,0.6639043688774109,0.18037943542003632
88,2026_06_23_18_24_28,2026_06_23_18_24_28,130.76025772094727,0.000137460659341591,0.35873574018478394,0.46759507060050964,0.3840167820453644,,,,
89,2026_06_23_18_32_26,2026_06_23_18_32_27,477.9461660385132,0.00013583679495452988,0.36631470918655396,0.480307012796402,0.39743709564208984,0.36290913820266724,0.5344747304916382,0.7360926270484924,0.3328568935394287
90,2026_06_23_18_34_46,2026_06_23_18_34_46,140.350576877594,0.00013420201433256689,0.3295761048793793,0.4368961453437805,0.3591935336589813,,,,
91,2026_06_23_18_42_44,2026_06_23_18_42_44,478.3391900062561,0.00013255681544571563,0.3352111279964447,0.43957972526550293,0.36709359288215637,0.5019038915634155,0.4433210492134094,0.5980408191680908,0.2886013090610504
92,2026_06_23_18_45_08,2026_06_23_18_45_08,144.14783668518066,0.00013090169943749468,0.3568696975708008,0.5117540955543518,0.41144493222236633,,,,
93,2026_06_23_18_53_03,2026_06_23_18_53_04,475.04712319374084,0.00012923717047227362,0.34764835238456726,0.47656935453414917,0.3807978928089142,0.4348643124103546,0.4926975965499878,0.6725136041641235,0.3128814697265625
94,2026_06_23_18_55_28,2026_06_23_18_55_28,144.1294186115265,0.00012756373558169942,0.360067218542099,0.4858162999153137,0.40053436160087585,,,,
95,2026_06_23_19_03_15,2026_06_23_19_03_16,467.7918863296509,0.00012588190451025155,0.35081809759140015,0.5216424465179443,0.4105983078479767,0.45101580023765564,0.4644647538661957,0.6503086686134338,0.27862054109573364
96,2026_06_23_19_05_31,2026_06_23_19_05_31,136.0721879005432,0.00012419218955996624,0.3653598427772522,0.4879787564277649,0.43093058466911316,,,,
97,2026_06_23_19_13_16,2026_06_23_19_13_16,464.4649112224579,0.0001224951054343859,0.35817185044288635,0.47919535636901855,0.4266580045223236,0.5149654150009155,0.43381837010383606,0.6537569165229797,0.21387986838817596
98,2026_06_23_19_15_26,2026_06_23_19_15_26,129.76293992996216,0.00012079116908177534,0.3703962564468384,0.4939686954021454,0.4370311498641968,,,,
99,2026_06_23_19_23_12,2026_06_23_19_23_13,465.9576106071472,0.00011908089953765384,0.3658667206764221,0.4931942820549011,0.4204345643520355,0.4627508521080017,0.4829292595386505,0.6344000697135925,0.3314586281776428
100,2026_06_23_19_25_25,2026_06_23_19_25_25,132.90823006629944,0.00011736481776669247,0.35357388854026794,0.491951048374176,0.4187723696231842,,,,
101,2026_06_23_19_33_15,2026_06_23_19_33_16,470.8642098903656,0.00011564344650402263,0.36628493666648865,0.4954513609409332,0.4179496467113495,0.414789617061615,0.516428530216217,0.6860550045967102,0.3468020558357239
102,2026_06_23_19_35_34,2026_06_23_19_35_34,138.70978546142578,0.00011391731009600606,0.34888216853141785,0.49397343397140503,0.3927539587020874,,,,
103,2026_06_23_19_43_24,2026_06_23_19_43_24,469.8925769329071,0.0001121869343405142,0.35818833112716675,0.5184393525123596,0.4229740798473358,0.4540311396121979,0.4973950684070587,0.6533218622207642,0.34146827459335327
104,2026_06_23_19_45_44,2026_06_23_19_45_44,139.88685035705566,0.00011045284632676486,0.3473488688468933,0.4742248058319092,0.4066143333911896,,,,
105,2026_06_23_19_53_31,2026_06_23_19_53_31,466.66471314430237,0.00010871557427476525,0.3466508090496063,0.49191874265670776,0.42718052864074707,0.5860536098480225,0.4085713028907776,0.5384566187858582,0.27868592739105225
106,2026_06_23_19_55_49,2026_06_23_19_55_49,138.15217208862305,0.00010697564737441194,0.3173125386238098,0.46815598011016846,0.399049311876297,,,,
107,2026_06_23_20_03_29,2026_06_23_20_03_30,460.7074189186096,0.00010523359562429386,0.34386977553367615,0.4703212082386017,0.40445390343666077,0.48949578404426575,0.4526350796222687,0.6426332592964172,0.26263681054115295
108,2026_06_23_20_05_43,2026_06_23_20_05_43,133.08447456359863,0.00010348994967024961,0.3349536061286926,0.5000306367874146,0.4171169400215149,,,,
109,2026_06_23_20_13_26,2026_06_23_20_13_27,463.0426239967346,0.00010174524064372798,0.3336568772792816,0.47938838601112366,0.4054255485534668,0.40977007150650024,0.5420209765434265,0.6618954539299011,0.42214643955230713
110,2026_06_23_20_15_37,2026_06_23_20_15_37,131.60919427871704,9.999999999999972e-05,0.34854942560195923,0.4970777928829193,0.4283704161643982,,,,
111,2026_06_23_20_23_26,2026_06_23_20_23_26,469.12859630584717,9.825475935627144e-05,0.33727508783340454,0.5094613432884216,0.4084016680717468,0.48463377356529236,0.4766659438610077,0.5624973773956299,0.3908344805240631
112,2026_06_23_20_25_41,2026_06_23_20_25_41,134.4559109210968,9.651005032974976e-05,0.3273281753063202,0.45871108770370483,0.3928010165691376,,,,
113,2026_06_23_20_33_31,2026_06_23_20_33_31,470.4085280895233,9.476640437570529e-05,0.33459681272506714,0.48123592138290405,0.4024883806705475,0.5556870102882385,0.43001508712768555,0.5209893584251404,0.3390408456325531
114,2026_06_23_20_35_52,2026_06_23_20_35_52,141.1506187915802,9.302435262558725e-05,0.33642345666885376,0.5057709813117981,0.4180184602737427,,,,
115,2026_06_23_20_43_42,2026_06_23_20_43_43,470.0904562473297,9.128442572523403e-05,0.3328690826892853,0.4927375316619873,0.42842498421669006,0.48175978660583496,0.4630914330482483,0.615257978439331,0.3109249472618103
116,2026_06_23_20_46_03,2026_06_23_20_46_03,140.49288320541382,8.954715367323447e-05,0.34007057547569275,0.492917537689209,0.4266568124294281,,,,
117,2026_06_23_20_53_47,2026_06_23_20_53_48,464.59554719924927,8.781306565948496e-05,0.33260229229927063,0.5256622433662415,0.4475756287574768,0.4266291558742523,0.5073541402816772,0.6671856641769409,0.34752267599105835
118,2026_06_23_20_56_03,2026_06_23_20_56_03,135.840491771698,8.608268990399314e-05,0.35301586985588074,0.4771095812320709,0.42475298047065735,,,,
119,2026_06_23_21_03_45,2026_06_23_21_03_45,461.9891791343689,8.435655349597673e-05,0.3526168763637543,0.5115535855293274,0.4365178346633911,0.45763930678367615,0.49497202038764954,0.6211907863616943,0.3687531054019928
120,2026_06_23_21_05_55,2026_06_23_21_05_55,130.01367831230164,8.263518223330682e-05,0.330124169588089,0.5093711614608765,0.4367622435092926,,,,
121,2026_06_23_21_13_40,2026_06_23_21_13_40,464.22956585884094,8.091910046234537e-05,0.32337161898612976,0.5033606886863708,0.4339059591293335,0.45363423228263855,0.4915926456451416,0.6025327444076538,0.3806524872779846
122,2026_06_23_21_15_49,2026_06_23_21_15_49,129.53254795074463,7.920883091822401e-05,0.35907623171806335,0.5311568379402161,0.44558608531951904,,,,
123,2026_06_23_21_23_38,2026_06_23_21_23_38,469.34134125709534,7.750489456561347e-05,0.3438483774662018,0.5097450017929077,0.43983399868011475,0.508313000202179,0.44895678758621216,0.521247923374176,0.37666556239128113
124,2026_06_23_21_25_54,2026_06_23_21_25_54,135.26629877090454,7.580781044003315e-05,0.3172794282436371,0.4782611131668091,0.40091627836227417,,,,
125,2026_06_23_21_33_41,2026_06_23_21_33_42,467.7928092479706,7.41180954897478e-05,0.3485419452190399,0.5123338103294373,0.4343235194683075,0.41327062249183655,0.5260546207427979,0.6600282788276672,0.39208096265792847
126,2026_06_23_21_35_59,2026_06_23_21_35_59,137.2146520614624,7.243626441830013e-05,0.30370840430259705,0.4707968235015869,0.41697677969932556,,,,
127,2026_06_23_21_43_44,2026_06_23_21_43_44,465.4566946029663,7.076282952772633e-05,0.3084256649017334,0.49813541769981384,0.4217126965522766,0.4898589551448822,0.4594312906265259,0.5932634472846985,0.32559916377067566
128,2026_06_23_21_46_01,2026_06_23_21_46_01,137.15325164794922,6.909830056250527e-05,0.3233658969402313,0.5070824027061462,0.4328297972679138,,,,
129,2026_06_23_21_53_41,2026_06_23_21_53_41,459.5806174278259,6.744318455428427e-05,0.3204387128353119,0.484885036945343,0.4040573239326477,0.4166127145290375,0.5129439234733582,0.6989736557006836,0.32691410183906555
130,2026_06_23_21_55_53,2026_06_23_21_55_53,131.829434633255,6.579798566743312e-05,0.3208012282848358,0.46592748165130615,0.4106484353542328,,,,
131,2026_06_23_22_03_30,2026_06_23_22_03_31,457.41146969795227,6.416320504546996e-05,0.32453787326812744,0.4983450770378113,0.424853652715683,0.4346185624599457,0.5132564306259155,0.6273781061172485,0.3991347551345825
132,2026_06_23_22_05_39,2026_06_23_22_05_39,128.50839042663574,6.253934065840871e-05,0.30703139305114746,0.4781566858291626,0.4246290624141693,,,,
133,2026_06_23_22_13_21,2026_06_23_22_13_21,462.298171043396,6.092688715107254e-05,0.33000069856643677,0.48797255754470825,0.4511973559856415,0.4693935513496399,0.4712275266647339,0.595878005027771,0.3465770483016968
134,2026_06_23_22_15_31,2026_06_23_22_15_31,129.7926754951477,5.932633569241983e-05,0.337211012840271,0.534454882144928,0.47897329926490784,,,,
135,2026_06_23_22_23_20,2026_06_23_22_23_20,468.80886936187744,5.773817382592997e-05,0.33304187655448914,0.5091957449913025,0.456190288066864,0.5194687843322754,0.4340551197528839,0.5373740196228027,0.33073627948760986
136,2026_06_23_22_25_36,2026_06_23_22_25_36,136.07721042633057,5.6162885321092094e-05,0.32999178767204285,0.5037788152694702,0.4359811842441559,,,,
137,2026_06_23_22_33_21,2026_06_23_22_33_21,465.5068504810333,5.460095002604515e-05,0.31925269961357117,0.5029656887054443,0.42931950092315674,0.517291784286499,0.4091910719871521,0.5654663443565369,0.25291574001312256
138,2026_06_23_22_35_36,2026_06_23_22_35_36,135.02980041503906,5.305284372141074e-05,0.3348817229270935,0.5197445750236511,0.4700343906879425,,,,
139,2026_06_23_22_43_17,2026_06_23_22_43_17,461.1796498298645,5.151903797536606e-05,0.3228137195110321,0.5025525689125061,0.43954524397850037,0.4555104374885559,0.48893675208091736,0.6403951644897461,0.3374782204627991
140,2026_06_23_22_45_32,2026_06_23_22_45_32,134.7900366783142,4.999999999999975e-05,0.32606762647628784,0.5034482479095459,0.44868963956832886,,,,
141,2026_06_23_22_53_09,2026_06_23_22_53_09,456.7066776752472,4.849619250899433e-05,0.328538715839386,0.5077692866325378,0.4547644555568695,0.4420190751552582,0.5040130615234375,0.6155741810798645,0.39245206117630005
142,2026_06_23_22_55_17,2026_06_23_22_55_17,128.4556360244751,4.700807357667926e-05,0.3232840895652771,0.48803237080574036,0.444649338722229,,,,
143,2026_06_23_23_02_56,2026_06_23_23_02_56,458.7324676513672,4.5536096498497045e-05,0.31432124972343445,0.5175519585609436,0.4503554701805115,0.45661431550979614,0.4893859028816223,0.6210417151451111,0.3577301800251007
144,2026_06_23_23_05_04,2026_06_23_23_05_04,127.98353743553162,4.408070965292515e-05,0.3211360275745392,0.5263167023658752,0.46887660026550293,,,,
145,2026_06_23_23_12_47,2026_06_23_23_12_47,463.113018989563,4.264235636489513e-05,0.32159510254859924,0.4952026903629303,0.4438585340976715,0.4515281021595001,0.508890688419342,0.6088916659355164,0.4088898301124573
146,2026_06_23_23_14_59,2026_06_23_23_14_59,131.4118733406067,4.122147477075245e-05,0.3274785578250885,0.5162342190742493,0.4627809226512909,,,,
147,2026_06_23_23_22_43,2026_06_23_23_22_43,464.5401916503906,3.981849768479496e-05,0.32820236682891846,0.5113620758056641,0.4493540823459625,0.4674892723560333,0.49780821800231934,0.6023991107940674,0.3932173550128937
148,2026_06_23_23_24_59,2026_06_23_23_24_59,136.16505932807922,3.843385246743393e-05,0.31904205679893494,0.5066918134689331,0.4676966965198517,,,,
149,2026_06_23_23_32_44,2026_06_23_23_32_45,464.32231640815735,3.706796089501611e-05,0.3033730685710907,0.4882887899875641,0.4374138414859772,0.37573352456092834,0.5353489518165588,0.7139837145805359,0.3567139804363251
150,2026_06_23_23_35_00,2026_06_23_23_35_00,136.45882892608643,3.5721239031345965e-05,0.33044055104255676,0.514288067817688,0.4471736252307892,,,,
151,2026_06_23_23_42_39,2026_06_23_23_42_39,459.03397393226624,3.439409710094918e-05,0.3231804072856903,0.5225812792778015,0.4516562819480896,0.42989760637283325,0.5072568655014038,0.6575256586074829,0.3569880723953247
152,2026_06_23_23_44_51,2026_06_23_23_44_51,132.27287316322327,3.3086939364114084e-05,0.3142997920513153,0.4935898780822754,0.4592185318470001,,,,
153,2026_06_23_23_52_29,2026_06_23_23_52_29,457.44774293899536,3.1800163993750085e-05,0.3243667781352997,0.5408675074577332,0.4773365259170532,0.4444378912448883,0.49422693252563477,0.6386271119117737,0.34982675313949585
154,2026_06_23_23_54_37,2026_06_23_23_54_37,128.19176149368286,3.053416295410021e-05,0.33824822306632996,0.5037788152694702,0.46043267846107483,,,,
155,2026_06_24_00_02_18,2026_06_24_00_02_18,461.01244926452637,2.9289321881345173e-05,0.31390514969825745,0.5168365240097046,0.463997483253479,0.3841697573661804,0.5330871343612671,0.7061647772789001,0.3600095510482788
156,2026_06_24_00_04_24,2026_06_24_00_04_24,125.74900031089783,2.8066019966134762e-05,0.30391061305999756,0.5179784893989563,0.4600599706172943,,,,
157,2026_06_24_00_12_11,2026_06_24_00_12_11,466.9045910835266,2.6864629838082814e-05,0.33069998025894165,0.5282464027404785,0.48200753331184387,0.44422924518585205,0.5066100358963013,0.614777684211731,0.3984426259994507
158,2026_06_24_00_14_24,2026_06_24_00_14_24,133.6311218738556,2.568551745226047e-05,0.3317594528198242,0.5314959287643433,0.47369369864463806,,,,
159,2026_06_24_00_22_10,2026_06_24_00_22_10,466.0246305465698,2.4529041977722698e-05,0.3179764449596405,0.5017951130867004,0.45367512106895447,0.39514365792274475,0.5343655347824097,0.672618567943573,0.3961128294467926
160,2026_06_24_00_24_26,2026_06_24_00_24_26,135.87942266464233,2.3395555688102123e-05,0.30704429745674133,0.5349029898643494,0.47825443744659424,,,,
161,2026_06_24_00_32_09,2026_06_24_00_32_10,463.3148250579834,2.2285403854302824e-05,0.31872984766960144,0.5064632892608643,0.44829970598220825,0.3967086374759674,0.5367525815963745,0.6870701909065247,0.3864349126815796
162,2026_06_24_00_34_24,2026_06_24_00_34_24,134.1617910861969,2.1198924639327763e-05,0.3064565360546112,0.50640469789505,0.4406735599040985,,,,
163,2026_06_24_00_42_02,2026_06_24_00_42_02,458.22713971138,2.0136448995270673e-05,0.30498358607292175,0.514618456363678,0.4551059901714325,0.46935322880744934,0.4781520366668701,0.606455385684967,0.34984856843948364
164,2026_06_24_00_44_11,2026_06_24_00_44_11,129.5556058883667,1.9098300562505178e-05,0.3246418833732605,0.495047926902771,0.45528391003608704,,,,
165,2026_06_24_00_51_49,2026_06_24_00_51_51,457.99724769592285,1.80847955711008e-05,0.30854785442352295,0.5016113519668579,0.449347585439682,0.38052821159362793,0.5486382246017456,0.6938302516937256,0.4034462571144104
166,2026_06_24_00_53_59,2026_06_24_00_53_59,129.15256690979004,1.7096242744495834e-05,0.2966529428958893,0.4870586097240448,0.4408400058746338,,,,
167,2026_06_24_01_01_42,2026_06_24_01_01_42,462.9357976913452,1.6132943205457613e-05,0.33182287216186523,0.5174375176429749,0.4619229733943939,0.5242829918861389,0.4440101981163025,0.519691526889801,0.36832886934280396
168,2026_06_24_01_03_52,2026_06_24_01_03_52,130.5118100643158,1.5195190384357425e-05,0.3077942728996277,0.5154975056648254,0.46652358770370483,,,,
169,2026_06_24_01_11_37,2026_06_24_01_11_37,464.61358857154846,1.4283269929788816e-05,0.30911266803741455,0.5028069019317627,0.450449675321579,0.4542565643787384,0.48600858449935913,0.6219688057899475,0.35004833340644836
170,2026_06_24_01_13_50,2026_06_24_01_13_50,133.6621389389038,1.339745962155616e-05,0.30335119366645813,0.49758926033973694,0.4612325131893158,,,,
171,2026_06_24_01_21_32,2026_06_24_01_21_32,461.66688990592957,1.2538029286060467e-05,0.3143843412399292,0.513300895690918,0.4682021141052246,0.4400738775730133,0.5219237804412842,0.6075097322463989,0.43633782863616943
172,2026_06_24_01_23_48,2026_06_24_01_23_48,135.80182671546936,1.1705240714107373e-05,0.32085686922073364,0.5316657423973083,0.4772874414920807,,,,
173,2026_06_24_01_31_27,2026_06_24_01_31_27,459.24740767478943,1.089934758116326e-05,0.32895928621292114,0.5446428656578064,0.463583379983902,0.39993816614151,0.5409783124923706,0.6947683095932007,0.38718828558921814
174,2026_06_24_01_33_39,2026_06_24_01_33_39,131.8375015258789,1.012059537008334e-05,0.3371298611164093,0.5496881604194641,0.48014959692955017,,,,
175,2026_06_24_01_41_17,2026_06_24_01_41_17,457.87409710884094,9.36922129633503e-06,0.3159644305706024,0.5318447947502136,0.4797351062297821,0.4015757739543915,0.5262417197227478,0.6794149279594421,0.373068630695343
176,2026_06_24_01_43_24,2026_06_24_01_43_24,127.61958074569702,8.645454235739913e-06,0.3323271572589874,0.5681606531143188,0.5210694074630737,,,,
177,2026_06_24_01_51_06,2026_06_24_01_51_06,461.3183331489563,7.949514654755978e-06,0.3313642740249634,0.5434238910675049,0.5015652179718018,0.5292571187019348,0.43631213903427124,0.5060664415359497,0.3665577471256256
178,2026_06_24_01_53_14,2026_06_24_01_53_14,128.33323884010315,7.2816145433212955e-06,0.3207724392414093,0.5474306344985962,0.49703267216682434,,,,
179,2026_06_24_02_00_59,2026_06_24_02_00_59,465.21915912628174,6.641957350279846e-06,0.3154330551624298,0.5468225479125977,0.48297369480133057,0.4408656060695648,0.501443088054657,0.6387667059898376,0.3641194701194763
180,2026_06_24_02_03_13,2026_06_24_02_03_13,134.06880569458008,6.030737921409167e-06,0.31543999910354614,0.5210766792297363,0.4813400208950043,,,,
181,2026_06_24_02_10_59,2026_06_24_02_10_59,465.4437892436981,5.448142440068313e-06,0.30987459421157837,0.5213517546653748,0.46877625584602356,0.46728891134262085,0.4872545599937439,0.5896266102790833,0.3848825693130493
182,2026_06_24_02_13_15,2026_06_24_02_13_15,136.65245842933655,4.8943483704846416e-06,0.31813621520996094,0.5333489775657654,0.4810570776462555,,,,
183,2026_06_24_02_20_59,2026_06_24_02_20_59,463.71708273887634,4.369524403696433e-06,0.3219008147716522,0.515727162361145,0.47130316495895386,0.4653489887714386,0.4873209595680237,0.5953043699264526,0.3793376088142395
184,2026_06_24_02_23_18,2026_06_24_02_23_18,138.56826257705688,3.87383040616812e-06,0.3114393651485443,0.5131730437278748,0.45691564679145813,,,,
185,2026_06_24_02_30_56,2026_06_24_02_30_56,458.6537528038025,3.4074173710931683e-06,0.3247600197792053,0.5286507606506348,0.47434645891189575,0.48232534527778625,0.4823496639728546,0.5557097792625427,0.40898966789245605
186,2026_06_24_02_33_09,2026_06_24_02_33_09,132.22950267791748,2.9704273724003397e-06,0.3058871328830719,0.5437620282173157,0.49105149507522583,,,,
187,2026_06_24_02_40_49,2026_06_24_02_40_49,460.1466336250305,2.56299352147647e-06,0.32180434465408325,0.5214231610298157,0.4677933156490326,0.5112732648849487,0.45253491401672363,0.5282382369041443,0.3768314719200134
188,2026_06_24_02_42_58,2026_06_24_02_42_58,129.34882164001465,2.185239926619417e-06,0.2958485782146454,0.48181676864624023,0.44225865602493286,,,,
189,2026_06_24_02_50_44,2026_06_24_02_50_45,466.3844847679138,1.8372816552335884e-06,0.31586742401123047,0.5343718528747559,0.4768039882183075,0.47475528717041016,0.47788798809051514,0.5616630911827087,0.3941129148006439
190,2026_06_24_02_52_56,2026_06_24_02_52_56,131.92442774772644,1.5192246987791854e-06,0.30766427516937256,0.5120493173599243,0.45956817269325256,,,,
191,2026_06_24_03_00_45,2026_06_24_03_00_45,468.2214162349701,1.2311659404862226e-06,0.30112722516059875,0.5209338068962097,0.4630560874938965,0.4911946654319763,0.4546465277671814,0.5843210816383362,0.3249720633029938
192,2026_06_24_03_03_04,2026_06_24_03_03_04,139.62154483795166,9.73193125842965e-07,0.31177398562431335,0.5121992230415344,0.4735153317451477,,,,
193,2026_06_24_03_10_52,2026_06_24_03_10_52,468.02903938293457,7.453848358677947e-07,0.3293949067592621,0.5093469023704529,0.4725838601589203,0.5418119430541992,0.429819792509079,0.46712034940719604,0.3925193250179291
194,2026_06_24_03_13_10,2026_06_24_03_13_10,137.83104038238525,5.47810463172666e-07,0.2950402498245239,0.5023279190063477,0.45069336891174316,,,,
195,2026_06_24_03_20_53,2026_06_24_03_20_53,462.4896328449249,3.8053019082544206e-07,0.31342872977256775,0.5393546223640442,0.48511460423469543,0.4139624834060669,0.530470609664917,0.6474421620368958,0.41349899768829346
196,2026_06_24_03_23_09,2026_06_24_03_23_09,136.603369474411,2.4359497401756684e-07,0.3172741234302521,0.5075648427009583,0.4669279456138611,,,,
197,2026_06_24_03_30_48,2026_06_24_03_30_48,458.8624701499939,1.3704652454261546e-07,0.3143433630466461,0.5255379676818848,0.47516465187072754,0.4886878430843353,0.46778908371925354,0.5766780972480774,0.3589000105857849
198,2026_06_24_03_32_58,2026_06_24_03_32_58,129.74272298812866,6.09172980904234e-08,0.33044156432151794,0.5241909027099609,0.4887009561061859,,,,
199,2026_06_24_03_40_36,2026_06_24_03_40_37,458.0328071117401,1.523048436087294e-08,0.31744974851608276,0.5314031839370728,0.4795033633708954,0.45433342456817627,0.49606069922447205,0.6133623123168945,0.37875890731811523
